rede,tx_index,tx_hash,latency_ms,ledger_index,status,success,timestamp_iso
XRPL,1,F5CDA3C5889C5E6BBB3664866F870545E74CE1A3CE05F1A66062BB3DCDD55445,5750,17466638,tesSUCCESS,true,2026-05-18T03:05:44.286Z
XRPL,2,A0E5C8BB809A99BEBE18BE11A01ADE76168DFECDFD41C09231B9330EAC128D89,5983,17466640,tesSUCCESS,true,2026-05-18T03:05:44.287Z
XRPL,3,CD9DCB0863FD778DBB6D09C9BD7C965D720AC56573CB77C4DEFA3D0FDD504C50,6938,17466642,tesSUCCESS,true,2026-05-18T03:05:44.287Z
XRPL,4,697898BD7400839E525CE7506202CB3E08AD2411D355201379457867C01CBB96,5747,17466644,tesSUCCESS,true,2026-05-18T03:05:44.287Z
XRPL,5,58DADD1611CAFFD35CFA0E542E217DCBF51D053C38B407566CF13E026E54E2C1,5887,17466646,tesSUCCESS,true,2026-05-18T03:05:44.287Z
XRPL,6,6B2370E4A4D8832B831DA5D206626CE28780A2C41D61416516B276C754FDE6DD,5768,17466648,tesSUCCESS,true,2026-05-18T03:05:44.287Z
XRPL,7,1B36926E277E43CC5CCDFA9A789537F6D4C5155D923D5527AB93EEDE227C91AD,5575,17466650,tesSUCCESS,true,2026-05-18T03:05:44.287Z
XRPL,8,387BE449A59A784C043E0368AEB557B42245D6B554630172E738599A9FEE4440,5782,17466652,tesSUCCESS,true,2026-05-18T03:05:44.287Z
XRPL,9,73EB8139D1F1AB7D8FF15EA64CA4E7118362A0F3DAE2B0DEE911F82C1E1D0C70,5943,17466654,tesSUCCESS,true,2026-05-18T03:05:44.287Z
XRPL,10,D549A6E424BC2C213DBB424334C25ED0988DAD4AA251899DFAD56616C0523A36,5753,17466656,tesSUCCESS,true,2026-05-18T03:05:44.287Z
XRPL,11,478014F09CAEFCB0F4B0554CA0F6EB42102E8D17D3F03489E53D53019A8441E6,5747,17466658,tesSUCCESS,true,2026-05-18T03:05:44.287Z
XRPL,12,AC14E3F771019E3DAA67A87A2AEEA7EF4F385DD38509CBF17D57933E311A2A87,5564,17466660,tesSUCCESS,true,2026-05-18T03:05:44.287Z
XRPL,13,ACF04458857466B3C826EC40B971313CC54E3D5AD8EF8D3E7A7822BD0E8A435A,5760,17466662,tesSUCCESS,true,2026-05-18T03:05:44.287Z
XRPL,14,578117A9CC6EDD27FAA3DCEB1FB24A25356F7F4FB2B9BD292466B5B92C379E84,7128,17466664,tesSUCCESS,true,2026-05-18T03:05:44.287Z
XRPL,15,F48B1F11956C84CD1012F6D77216085E00C7F0642C5B18F9E9BB4D1046D736C2,5742,17466666,tesSUCCESS,true,2026-05-18T03:05:44.287Z
XRPL,16,EA511107E465C1239DDD8ABED7857DE975E994883AFC30D43E56CC7EC7FC832C,5774,17466668,tesSUCCESS,true,2026-05-18T03:05:44.287Z
XRPL,17,C0547DDBBD94F046154742A5DE2D0F0043BC4C68DC0EA424968166641E567781,5609,17466670,tesSUCCESS,true,2026-05-18T03:05:44.287Z
XRPL,18,5BEC02760627EA7B78FC48E3174F485226C762F071AE73131993B61F88A91489,7119,17466672,tesSUCCESS,true,2026-05-18T03:05:44.287Z
XRPL,19,0B994ABEA4FBF3B000F05C733C95AB1DCCEBAC3E4D46631A2D136947B39A2233,5742,17466674,tesSUCCESS,true,2026-05-18T03:05:44.287Z
XRPL,20,0A3326559E2F326C10C414F1748BEBC499E1A97D6C2925515FBCE1A93DF0D111,5862,17466676,tesSUCCESS,true,2026-05-18T03:05:44.287Z
XRPL,21,5CE77689BEC4A4AF6F487D6EE726F2B9F3A9479532EF62451432FBC2092FB921,5582,17466678,tesSUCCESS,true,2026-05-18T03:05:44.287Z
XRPL,22,B84C2CCE5C068E5C1DD9261BA99A37C59251AE29590BCF1738503649C15FF4DB,5725,17466680,tesSUCCESS,true,2026-05-18T03:05:44.287Z
XRPL,23,27E9A5F3F3E6FCE074E7661C0159CA23782EB715C4ED74D214A03CE080CE1301,7230,17466682,tesSUCCESS,true,2026-05-18T03:05:44.287Z
XRPL,24,11640C3E279019DE3F43BF18F6640EA6599E15AA9C3B1DFA7AC1B7527AE7363F,5741,17466684,tesSUCCESS,true,2026-05-18T03:05:44.287Z
XRPL,25,6EE19FFA9CBC9DB48774E4327F0F586060412175808FFA5A7F2AAE9DBD3667F2,7141,17466686,tesSUCCESS,true,2026-05-18T03:05:44.287Z
XRPL,26,2A24E79EC4F741E83FACFC4D8862A5FE0764CB4264108F8E76EDF11F3BBB03DD,5660,17466688,tesSUCCESS,true,2026-05-18T03:05:44.287Z
XRPL,27,C0211B60FC7A3E73E0130466CECE28A40C9C9E6ACF146325C6325231CB705222,5723,17466690,tesSUCCESS,true,2026-05-18T03:05:44.287Z
XRPL,28,8900CE5A55E082430EAF380B01D295FDE7F938A0E5E5E02E3F2C788013E934A5,7128,17466692,tesSUCCESS,true,2026-05-18T03:05:44.287Z
XRPL,29,3164FBAB9515E3FDD9298BD80F6279DC21311A9A10A368881C1FFA9F4E61B64C,5866,17466694,tesSUCCESS,true,2026-05-18T03:05:44.287Z
XRPL,30,59142327E43D481F34D6E1EAE5597F930ACEFAD49C6936F51C43807A48CA0D56,5596,17466696,tesSUCCESS,true,2026-05-18T03:05:44.287Z
XRPL,31,A2981A4934D7FFC465E2B9EBFF2C9F651F64AABACD9097676EDEC347DBB747A8,5705,17466698,tesSUCCESS,true,2026-05-18T03:05:44.287Z
XRPL,32,88F2C7D1DA2BE2E56F69EDB7DF65029E3084AAC1F7AA0915E3BD6BB53BEBED66,5749,17466700,tesSUCCESS,true,2026-05-18T03:05:44.287Z
XRPL,33,C689AC4806CE7DD0EF73680C6682C8C881FB90B1FEB4A4DC43628D0D143D3A9F,5745,17466702,tesSUCCESS,true,2026-05-18T03:05:44.287Z
XRPL,34,CF83885D23C7E577FBF92B77BB3492264425762762947CDB3976AB3C887E9BD7,5743,17466704,tesSUCCESS,true,2026-05-18T03:05:44.287Z
XRPL,35,E26894F300EB8D5BB07C2CBD6B66D3BA4380D003F43818BF0C1FEDE8892BC503,5563,17466706,tesSUCCESS,true,2026-05-18T03:05:44.287Z
XRPL,36,A13170311DB250BFC1B4F0B1B771A4CBFBA1F0D97EC617A33A77B307407008BC,5742,17466708,tesSUCCESS,true,2026-05-18T03:05:44.287Z
XRPL,37,BEEFE04FC810ACF04FC860A67371BC8B1F09351011C9932ECD9B84C37544FE87,5753,17466710,tesSUCCESS,true,2026-05-18T03:05:44.287Z
XRPL,38,147C552615D5861E1990F33A25B6D103D2B51DB3C5B5D1B212BA0AAF097D1BBD,5744,17466712,tesSUCCESS,true,2026-05-18T03:05:44.287Z
XRPL,39,F2EEB1E48692E3F897A4F7E1672C185E5BA7ADD98CF6A3D7018E518F2BC90453,5751,17466714,tesSUCCESS,true,2026-05-18T03:05:44.287Z
XRPL,40,9C56BD12B91622F3CEE458A98C16D1E26E2E4668CFE45084EF85E830267C24DE,5567,17466716,tesSUCCESS,true,2026-05-18T03:05:44.287Z
XRPL,41,ED70FAB607A7376C83B3693D21C34D72D6FF686A9A31EB7C9B6874C7435D72AF,5714,17466718,tesSUCCESS,true,2026-05-18T03:05:44.287Z
XRPL,42,54E254AE01B1AB700ADB8254CB8CA93D530E0005C00E4AAFCAAC46441CF78BB6,5735,17466720,tesSUCCESS,true,2026-05-18T03:05:44.287Z
XRPL,43,83B70C81B5539163C292CF302CB923A83FB727F3D3C1619DDF720A3A22CD5C77,7130,17466722,tesSUCCESS,true,2026-05-18T03:05:44.287Z
XRPL,44,0033829CE385BE805A793B19711EE78059C7FB5E66D03E3D9B9A5455F03AA4F3,5750,17466724,tesSUCCESS,true,2026-05-18T03:05:44.287Z
XRPL,45,4179708B82228804D883DA055F1EFDD4A289933DFA4F7D8C8DA1B1270FF369C8,5548,17466726,tesSUCCESS,true,2026-05-18T03:05:44.287Z
XRPL,46,EE49C247E81D28C211EC9EB847F1E6A81B90214C8909690A8B24695B54721ABE,5776,17466728,tesSUCCESS,true,2026-05-18T03:05:44.287Z
XRPL,47,A53833E8BEE010A5EBDA56CCE25C95D460050AC95B40050E95D816A8F9218C5A,5741,17466730,tesSUCCESS,true,2026-05-18T03:05:44.287Z
XRPL,48,EBCA2FD5C27F1144FE4B723FE06B8FD324A4DB458C6C51F369139E85E88A9313,7134,17466732,tesSUCCESS,true,2026-05-18T03:05:44.287Z
XRPL,49,D131C183A35541D7DFD6267EF8CC4F2AE40FE6B28D11AE3B8A1C588837C78AE6,6965,17466734,tesSUCCESS,true,2026-05-18T03:05:44.287Z
XRPL,50,04A6619CEA9760A4F38D0A67E86ACCC56BA21835F430CDA756777416CD434608,5716,17466736,tesSUCCESS,true,2026-05-18T03:05:44.287Z